player_id,player_tm_id
5603,427568
7298,335721
7322,433177
847,112988
9676,262749
5553,357662
6482,340324
7230,392765
11132,890719
11007,537598
5613,435338
5543,363205
7752,655488
10012,425918
1389,102017
11707,420243
5220,309400
7698,144028
496,160438
2958,203853
6492,340325
7931,331560
2328,230784
6888,495666
695,131996
5789,394327
508,215118
9912,533662
5050,182904
5712,329145
6122,447661
4401,111873
7726,413403
8941,503749
9415,665390
11366,649317
7723,193116
9409,626888
7236,168157
5221,387626
1823,126664
8864,425334
12412,503743
6556,395516
6686,392085
8865,324358
11739,926135
6221,399776
488,80444
6962,75458
9554,696589
1024,253677
5956,249565
4120,193098
825,61841
12149,855256
11363,583255
7384,480987
9662,823231
6820,277033
1679,258889
6219,251106
6986,391065
1830,303657
10746,684210
10747,611793
561,183293
6963,330659
10743,275590
1789,249089
8090,480116
10866,512385
10864,469781
10741,399434
7582,357658
7688,471690
11709,730861
1297,111819
6034,320411
6420,555076
10744,188077
7352,332705
8942,591949
1654,74810
6552,413039
7083,148367
9678,442248
9681,421637
998,251664
10405,340321
10809,644401
9156,473050
9677,328658
9685,391005
7047,125714
7166,319859
8859,540941
10205,587002
9733,469050
3621,217115
9679,339556
7069,204294
7187,282429
9914,533916
1214,222209
9680,270171
5786,388165
6030,52059
486,43530
7699,212847
11711,565093
7988,423744
10527,973085
501,67063
10177,648046
11362,983989
7943,380350
11269,867688
9284,384461
489,3333
10807,576314
7235,73564
8272,626724
8780,111195
11058,660867
10806,504849
6048,148153
205,191422
12205,943549
239,82873
11710,658536
6049,209212
8226,504148
12498,849410
9913,646658
11699,620598
11703,491296
7027,371021
11702,322702
6044,195633
5568,214666
8756,401320
11295,787232
7264,536508
11998,338635
11704,392179
712,40613
5355,293281
9077,566799
844,53360
1663,89231
8323,293569
1018,242606
8973,711969
10620,745461
7498,467623
9487,842341
6504,444208
12094,381963
790,129078
8285,333014
11700,468249
10822,743498
11701,548729
12086,670850
11595,790992
8384,571743
6885,386047
782,316125
7240,463603
9356,659459
10433,622380
3300,344381
8497,568177
9040,488362
12033,1082850
12032,465555
11356,648195
11807,485585
12535,1004708
10805,614258
9017,620322
7134,284857
11810,874080
9453,687626
10048,776890
11357,503987
618,134425
8067,472423
9098,403151
10004,628451
3288,29241
6615,346314
12409,744149
8666,543387
8430,578539
12408,493003
7702,258919
8706,479999
6027,241481
530,61592
5735,420002
2182,262980
757,157506
9461,586834
6314,260827
510,92572
672,108354
7603,392757
12152,743597
9948,566723
9274,538971
603,85177
3697,344152
9834,196722
978,110864
8214,730893
6104,207014
1726,127187
500,242631
9667,485706
2383,221025
8066,355861
631,14086
7689,343475
9983,595809
5555,306024
6756,584769
668,126665
8720,417346
7438,505219
1665,173504
8476,661053
741,130164
10027,627248
1653,118534
10292,424015
585,68390
11984,670688
900,204103
773,51152
922,203394
8940,349701
181,72476
11728,461883
7395,525287
5803,296422
910,226973
5596,279455
3203,272622
10715,257455
5973,206746
4105,206040
10717,735571
1537,245056
7184,145466
6157,262226
6835,123275
5590,258878
700,52769
8379,534033
1257,105470
1688,234803
11231,719673
7904,340918
11296,434675
10120,624258
6665,433188
10720,546543
6854,340950
9788,451276
7546,565822
6326,357119
10187,632349
12455,939290
332,82105
8852,338070
10408,480692
1250,148455
10697,478573
10723,864799
229,60444
1791,314353
833,139208
8808,146310
9689,381967
11723,608175
11713,278166
775,61842
11717,246963
11721,169801
11719,392591
12509,387191
11718,319900
12549,305274
12151,364409
9619,649452
11720,469958
11724,91340
12187,184129
11722,125685
11715,407021
8040,324882
11716,244338
1771,264220
592,131978
7277,504581
7439,344830
12073,548470
11712,77757
11714,207742
2498,176553
3635,241641
6054,238223
8260,418560
675,203460
10126,583199
586,186590
9790,475959
10846,576024
8981,486049
8719,351749
447,88755
638,95424
6490,284730
2254,51471
11000,601883
579,177476
11903,661207
6055,406635
10847,701057
2496,357565
8961,258004
6656,366930
8786,85941
5584,477758
10552,811779
8127,536835
10913,234509
553,182877
11094,602105
1228,240306
2248,16306
646,69633
7281,357147
8821,288255
9324,676318
9558,607224
1687,177907
6345,401173
807,42412
11174,820374
10802,480762
1006,183288
556,258923
7768,346483
12340,670845
2245,164770
11055,610442
5560,315969
7927,287579
6080,184573
12275,780630
12199,900601
5232,349066
8150,503733
8327,520624
468,123682
7382,134270
9154,567576
1545,184528
76,135343
6681,398065
6063,199527
766,183318
9959,614811
6630,340329
87,333241
652,95810
10216,670858
11386,922769
37,85864
6532,74960
461,92469
884,250478
7420,272999
5552,192080
853,170321
7958,397033
7078,346707
8635,361093
9833,621993
11808,743600
9524,583189
12034,631996
10760,470607
6456,392768
532,66934
4456,108725
11317,808509
484,148368
7921,156501
8191,504215
9897,402733
10758,198516
5722,375885
10756,415970
10700,425306
6903,127202
6857,429014
5989,291200
12123,1005649
8204,503680
8252,497291
9691,535955
725,236490
6088,289592
12418,726701
11003,425902
10757,255906
3600,127032
7814,295313
6850,142310
11731,746739
10386,377468
11730,546712
11732,389253
11815,426192
7714,218087
11729,852024
7704,52495
9509,746740
7706,146690
11839,322985
8923,226073
8286,128909
9205,465717
7703,121324
7709,54383
8562,505194
985,348623
8918,258885
12449,874066
7710,73547
5569,406560
12291,543164
12465,741267
1042,314210
10872,1086258
8776,61697
9556,609556
10041,554251
12105,888493
660,192765
7338,537382
7218,355915
9332,670883
6249,341429
6691,431755
643,175722
5681,348795
8858,286047
448,42460
8831,556385
6818,294057
12118,796305
10716,396638
10050,557459
7198,406638
9021,568693
6912,553875
343,167799
9105,568559
6026,378710
6108,354362
453,91845
65,170527
5609,410425
534,92571
2310,120629
528,48002
6424,468002
986,134294
11242,670848
11926,401356
1245,181778
843,181579
1776,314875
11409,845321
6722,415912
935,157509
7365,444523
706,29692
3278,234781
531,104124
12027,543499
2335,357885
3585,290532
2674,228948
8288,283628
8965,157672
8119,649020
804,121477
11361,136401
12047,1060740
8778,505653
8845,292246
10140,698678
7762,450050
9740,249994
11384,735570
1299,170934
7080,517894
6852,171679
11210,863741
6163,231572
2199,74230
6382,487465
6674,578391
10945,438001
8812,369567
12234,724783
8496,433183
10293,606718
8089,300716
5304,338424
12272,890721
8129,502821
13392,1063329
9749,326029
2203,321247
12775,848682
10025,645686
2117,296622
13242,854721
11943,890290
12963,711337
13474,1009658
11745,513970
5061,192279
9501,559263
12595,488935
12136,709767
11281,823486
11146,874538
10721,541231
13222,739443
12633,1141628
11310,700106
13364,996897
13459,581330
6937,538977
10036,568005
12758,415381
13206,406634
12759,1012534
11385,667287
7892,462250
9739,475188
11633,938158
12808,1010854
11383,805714
12573,936874
7589,475411
13130,1047261
11167,689637
6145,356141
5675,410225
13038,747009
8853,434224
13387,967319
11297,748319
12757,1107733
9307,623570
12014,711544
8489,494880
11164,992686
6837,392775
12751,610581
934,342046
12755,255788
12750,349503
8905,146509
12947,385848
8563,420808
13133,528892
13019,559794
12754,458178
12745,693095
10301,468066
8919,596446
8868,610849
12746,527425
12753,288323
12747,181687
9406,344009
10348,741238
12748,123551
12752,292139
12911,864121
13020,654982
6851,128901
473,203026
6418,341501
971,249126
7753,413220
755,197838
111,99331
10166,621193
12910,400536
13606,936842
3303,215876
7484,340328
11367,564529
5545,274839
8646,292808
12782,592975
1433,341092
13103,486604
13649,994536
314,53622
9802,466805
11592,743413
8393,445939
13380,1005575
13080,1078163
13466,1042886
12559,1011738
8044,435648
10564,923831
11766,476701
7902,326031
10696,340456
11944,926952
12461,654253
13467,911424
10803,339340
12765,897481
12766,663244
13068,673492
6174,413507
13021,745191
4419,250426
635,95976
9710,467563
10845,506189
1735,163744
11359,324223
6042,243028
13636,986298
10766,468198
12762,336367
9630,746695
885,341051
12948,880245
12763,503990
11360,272855
13239,732165
13060,447995
1683,146795
13134,262300
11618,933900
10072,680806
8495,503977
10586,866655
13403,729264
8224,444211
12761,405385
13348,725912
10184,922693
8093,428016
10764,483348
831,52570
5261,263236
12912,866246
9780,801734
12603,1011147
2478,372246
9492,474701
8267,342385
6816,605184
13026,991800
6098,75489
12358,922563
13022,800176
13092,742451
10327,695454
8291,256977
10856,683895
5682,225122
11070,429983
7908,414908
13484,1230661
13463,862297
13156,1193867
12756,667121
12245,215810
9958,716276
10024,646750
7526,423440
13872,1187629
9911,659813
7254,325443
14446,1005583
8006,500689
9614,124884
702,331726
8640,654539
14374,998101
8211,532776
7268,463605
11504,955357
14395,1012564
14027,989112
13780,683620
605,61651
14356,1011936
14217,1091562
14118,1060087
10169,660860
13711,429915
3645,318508
14028,950091
14029,933018
4422,63200
11243,612517
8969,357162
13728,314241
9977,607226
11824,927768
13730,314367
13726,541628
13727,514285
13729,411537
13094,670717
13775,1056993
10542,670882
13776,904802
11253,910905
7075,293194
12726,1124005
13091,1006411
13777,1047257
5652,296802
11331,608832
12916,937941
13262,1069512
14030,900195
7208,401922
9910,344069
13834,489359
10751,393323
5595,319301
6369,392771
9944,362108
8000,381753
6807,371851
6377,297212
13835,369962
780,99397
12369,352041
6544,314288
11966,346890
8717,410708
902,236953
7791,338629
11155,627626
8397,598577
852,226049
9693,502676
8995,709726
9328,484547
13692,1108466
1116,315858
13298,843595
11965,460939
11974,627442
14056,503883
8378,521964
8117,455661
5544,201574
8056,585959
8662,365108
8920,540664
13778,432164
13779,984096
14017,432914
11936,572265
8401,524285
12905,708072
13306,933017
1760,181380
9789,473169
13717,743384
13719,947411
13715,503686
8537,568006
14460,1322090
13718,967346
8651,633992
204,111455
9767,876631
13714,617755
14099,282939
13064,420210
14425,605426
14424,903611
13716,727089
5659,348026
8986,353032
7432,240692
13712,646991
11461,696181
13713,515544
7148,494237
5743,487969
14410,1086258
8700,566931
12359,953135
13723,1111589
13724,698164
14219,1081995
14290,817665
10770,745181
5598,392770
13740,661427
12113,848509
13741,588989
8351,485583
12721,345911
8875,683571
2517,316264
12581,845723
11300,936901
11487,734425
12204,657817
10453,567597
12497,681615
11268,865993
10775,652979
9287,663225
10719,817612
10997,712117
11811,845289
10118,732119
10119,551001
12188,965940
12568,888639
12198,922764
12215,698151
9222,670859
12158,1031293
12251,745851
12474,697280
12532,1043634
11272,638964
13307,1089802
13351,777308
13588,1086375
13067,954104
10053,470596
13066,369316
13584,1067168
9272,585323
13476,982097
13039,1047256
9752,513245
12946,856479
10718,696346
12410,91059
1038,245625
9251,208379
12749,255731
6310,344605
7333,461833
13585,1171764
13301,486144
13579,1245948
13586,1135364
9738,365172
13302,867711
13185,942497
11735,607093
12054,336077
12880,503866
13582,1045124
12193,796300
13127,879768
12296,845809
13117,821522
13870,1202361
14193,1023191
13399,978668
14127,914269
14281,706889
13731,829299
14584,1135611
14263,1348941
11033,860078
14055,1047280
14266,1085591
13150,1011140
14198,926309
14272,1049911
13532,1071818
13720,570336
925,225452
13224,985546
14176,999743
14134,1196272
13247,1107726
14394,1370903
13220,1065227
