player_tm_id,fmi_player_id,source
3333,5106363,B
14086,5113149,B
16306,19061518,B
29241,8833628,B
29692,718272,B
40613,5007409,B
42412,5005078,B
42460,34012563,B
43530,5125012,B
48002,43006340,B
51471,24016925,B
52495,28016310,B
52570,5128263,B
52769,8832889,B
53360,5128651,B
60444,19409389,A
61592,5129541,B
61651,29125334,B
61697,28010402,B
61841,28011401,B
61842,28005834,B
63200,28016057,C
66934,18022052,B
67063,28010491,B
68390,56001681,B
69633,27010680,B
72476,92012109,B
73547,28010490,B
73564,5108155,B
74230,67045428,B
74810,4002177,B
74960,63002306,B
75458,68007215,B
75489,92018043,C
77757,18018640,B
80444,19046041,B
82105,91018389,B
82873,92017376,B
85177,28019851,B
85864,28047501,B
85941,91100272,B
88755,18004457,B
89231,93065006,C
91340,28018855,B
91845,92020288,B
92469,151741,B
92571,28005949,B
92572,28004100,B
95424,28009441,B
95810,28018613,B
99397,29021698,C
102017,43036641,B
104124,28036815,B
105470,19058734,B
108354,34010721,B
108725,5108293,B
110864,28037204,B
111195,37024733,B
111455,98003821,C
111819,19030933,B
111873,14020367,B
118534,28047558,B
120629,85027976,B
121324,28044428,B
121477,90000708,B
123275,28025033,B
123682,28030268,B
124884,37005659,C
125685,29038157,B
125714,92056834,B
126664,85033423,B
126665,85032335,B
127187,85027988,B
127202,18018791,B
128909,28047463,B
129078,28053447,B
130164,28054565,B
131978,28058224,B
131996,13112706,C
134270,29061164,B
134294,29030379,B
134425,28054109,B
135343,98007212,B
136401,29060276,B
139208,37024025,B
142310,85009974,B
144028,18054004,B
145466,72021508,B
146310,45030953,B
146509,28005834,B
146690,29063519,B
146795,61036775,B
148153,29036189,B
148367,27039017,B
148368,18045347,B
148455,98028755,B
156501,19162578,B
157506,29045055,B
157509,85075595,B
157672,25038517,B
160438,12065054,B
164770,85075627,B
167799,27058392,B
168157,18057380,B
169801,28066613,B
170321,28029911,B
170527,92051583,B
170934,85104273,B
171679,52032335,B
173504,29055569,B
175722,55032265,B
177476,37025551,B
177907,28049740,B
181380,85074537,C
181579,29076100,B
181778,19158043,B
182877,85086702,B
182904,85078880,B
183288,29076105,B
183293,28066821,B
183318,28059634,B
184129,28060391,B
184528,93031462,B
184573,93023425,B
186590,28060397,B
188077,61042900,B
191422,92063787,B
192080,29083750,B
192279,67157624,B
192765,28049754,B
193098,67153373,B
193116,61043070,B
195633,28059140,B
196722,29068437,B
197838,90008752,C
198516,29079834,B
199527,29079830,B
201574,28084714,C
203394,28085588,B
203460,28067800,B
203853,71081391,B
204103,67174729,B
204294,93033389,B
206040,51013463,B
206746,37039829,B
207014,29086005,B
207742,29087734,B
209212,29090530,B
212847,29080394,B
214666,28087373,B
215118,29076103,B
215810,29087448,B
217115,85120748,B
218087,28059636,B
221025,55027994,B
222209,43115047,B
225122,55041710,B
225452,28087373,B
226049,28091347,C
226073,24039943,B
226973,29076104,B
228948,91126230,B
230784,67175052,B
231572,55061470,B
234509,67201634,B
234781,85117459,B
234803,61043456,B
236490,28090452,B
236953,28059134,C
238223,55057659,B
240306,43124203,B
240692,13160655,A
241481,37041918,B
241641,55041632,B
242606,28087685,B
242631,28084930,B
244338,89019732,B
245056,62124117,B
246963,28080367,B
249089,29127852,B
249565,18077264,B
249994,55038655,B
250426,2000288697,B
250478,28084863,B
251106,70087488,B
251664,29116247,B
253677,29074544,B
255731,28126244,B
255788,2000414247,C
255906,61064267,B
256977,55063406,B
257455,55070285,B
258004,55070299,B
258878,28100239,B
258885,29120983,B
258889,29125191,B
258919,29125334,B
258923,28100266,B
260827,27069975,B
262226,18074558,B
262749,29111433,B
262980,76038475,B
263236,91144914,C
264220,29125546,B
270171,91143519,B
272622,85140415,B
272999,79024232,B
275590,89038587,B
277033,28095352,B
278166,29106785,B
279455,28094949,B
282429,67211900,B
282939,29084738,C
283628,25041687,B
284730,98031331,B
284857,67215284,B
286047,43155241,B
287579,37045879,B
288255,37048153,B
289592,18087973,B
290532,48036788,B
291200,48037362,B
292246,66014588,A
293194,24048099,C
293281,27112672,B
293569,29110715,B
294057,28093567,B
295313,13136629,B
296422,85140284,B
296802,14035968,C
297212,28100477,B
300716,61070563,B
303657,43134973,B
305274,28093793,B
306024,29123128,B
309400,91151081,B
314210,28100152,B
314241,28094200,C
314288,28106360,C
314353,28104124,B
314367,28106878,C
314875,29125842,B
315858,43252073,C
315969,29125343,B
316125,29128536,B
316264,53095137,B
318508,48031641,C
319301,28094856,C
319859,27088231,B
319900,28098307,B
320411,29121437,B
321247,67201783,B
322985,37050681,B
324358,29110623,B
324882,13104090,B
325443,93070271,C
326029,37055844,C
326031,37055843,C
328658,53110135,B
329145,19188567,B
330659,37055841,B
331560,45095490,B
331726,2000248861,B
332705,72044918,B
333014,53101282,B
333241,19184436,B
335721,29141472,C
336077,70099201,B
338070,36096824,B
338424,67211760,C
338629,18087987,C
338635,18097134,B
339340,37058363,B
339556,29129073,B
340321,28106685,B
340324,28106687,B
340325,28107919,B
340328,2000131019,B
340329,28106684,B
340456,37052470,C
340918,28104130,B
340950,55083779,B
341051,29126231,C
341092,43161651,C
341429,29156212,B
342046,28100269,C
342385,5128651,B
343475,29142372,B
344069,91194540,C
344152,48036880,B
344381,85140301,B
344830,37058361,B
345911,25055083,C
346314,28103591,B
346483,28103590,B
346707,28100360,B
346890,98040226,C
348026,48034615,C
348623,29128167,B
348795,14108651,B
349066,93070286,B
349503,2000222076,B
349599,86045976,B
349701,29125265,B
351749,29113879,B
352041,19226197,C
353032,79027217,C
354362,14094572,B
355861,37051305,B
355915,14130029,B
356141,45092714,C
357119,48037822,B
357147,83105845,B
357162,83169817,A
357565,67217524,B
357658,52080573,B
357662,28106491,B
361093,37063649,B
362108,93065006,C
363205,19220266,B
365108,84153276,C
366930,67258414,B
369316,37060600,C
369567,16197824,B
369962,37054408,C
371021,28108492,B
371851,62215974,C
372246,2000142045,C
375885,48042717,B
377468,93064994,B
378710,19265858,B
380350,16199713,A
381753,92086318,C
381963,18101818,B
381967,18097160,B
384461,96086697,B
386047,48037291,B
387191,45109770,B
387626,18083491,B
388165,85140175,B
389253,72047555,B
391005,27122563,B
391065,43317933,B
392085,43270517,B
392179,93070264,B
392591,52079878,B
392757,28108033,B
392765,28109599,B
392768,28112986,B
392770,28109888,C
392771,29175064,C
392775,29165656,B
393323,20046423,C
394327,48043084,B
395516,48044574,B
396638,42077304,B
397033,43298481,B
398065,28100207,B
399434,29162667,B
399776,67217522,B
400536,27120988,C
401173,28108490,B
401320,28106528,B
401356,51054011,B
401922,67269484,C
402733,14136122,B
403151,29156212,B
406560,28109689,B
406634,29186052,C
406635,28108494,B
406638,28116496,B
407021,27097832,B
410225,48042766,C
410425,13174979,B
410708,37059452,C
411537,37055848,C
413039,48042658,B
413220,29140167,C
413403,29141827,B
413507,62191195,C
414908,13167102,C
415381,37071145,C
415912,36116501,B
415970,29122252,B
417346,72045910,B
418560,29179241,B
420002,49034219,B
420210,37064720,C
420243,37063644,B
421637,27129125,B
423440,67246385,C
423744,61078265,B
424015,61083649,B
425306,72046884,B
425334,29147447,B
425902,29136230,B
425918,96102946,B
426192,29159400,B
427568,29137172,B
428016,28106884,B
429014,29175220,B
429915,18110473,C
429983,27112672,B
430310,61078171,B
431755,43295814,B
432164,19377081,C
432914,19202603,C
433177,28122642,B
433183,28120038,B
433188,28115788,B
434224,49038271,C
434675,37062185,B
435338,19242094,B
435648,37060922,C
438001,78076996,B
442248,89040516,B
444208,28109945,B
444523,19226741,B
445939,91205962,C
447661,19302456,B
447995,2000411486,C
450050,48036558,B
451276,16202373,B
455661,91187791,C
460939,37071126,C
461883,28111079,B
463603,49038942,B
463605,49038967,C
465555,62216198,B
465717,29179807,B
466805,67276127,C
467623,65039540,B
468002,28111063,B
468249,19273472,B
469050,28117372,B
469781,14080605,B
469958,29160165,B
470596,28116487,B
470607,29189400,B
471690,29173977,B
472423,28108035,B
473050,91208050,B
473169,37065620,C
474701,37065567,C
475188,28106342,C
475411,49037900,B
475959,24060473,B
476701,78084541,C
477758,28100123,B
478573,37071197,B
479999,29156522,B
480116,29158244,B
480692,76049803,B
480762,14167329,B
480987,29134274,B
483348,29178504,B
484547,28113828,C
485583,37073593,B
485585,28121372,B
485706,91207274,B
486049,18106083,B
486604,28116414,B
487465,29179717,B
487969,48043873,C
488362,28108036,B
488935,39053746,B
489359,45104245,C
491296,18106037,B
493003,76050675,B
494237,49039033,C
494880,67248170,C
495666,49039004,B
497291,14077011,B
500689,49041006,C
502676,59138294,C
502821,43424738,C
503680,28115792,B
503686,28110835,C
503733,28116386,B
503743,28115996,B
503749,29193659,B
503883,18107436,C
503977,28120046,B
503987,37076092,B
503990,5108293,B
504148,28112993,B
504215,72051281,B
504581,29175223,B
504849,45111891,B
505219,28115831,B
505653,83228802,B
506189,29156436,B
512385,76047347,B
513970,2000140957,B
514285,37071180,C
515544,52094225,C
517894,19334410,B
520624,19297055,B
521964,91206164,C
524285,91195878,C
525287,19242476,B
532776,49037698,C
533662,29219088,B
533916,29158694,B
534033,14157184,B
535955,83169864,B
536508,49047253,B
536835,43425040,B
537382,67260440,B
537598,83174759,B
538971,49048373,B
538977,49048380,C
540664,49048348,C
540941,27128917,B
541231,37074900,B
541628,27148022,C
543164,29193986,B
543387,13194021,B
543499,13200568,B
546543,78090138,B
548470,28121567,B
548729,84154064,B
553875,67268221,B
554251,28117411,B
555076,49040542,B
556385,43426047,B
557459,37084591,B
559263,28122195,B
565093,37076355,B
565822,29233143,B
566723,29221846,B
566799,28126242,B
566931,2000222073,B
567576,28127254,B
567597,28126165,B
568005,83262111,B
568006,28122834,C
568177,28120042,B
568559,57178516,B
568693,12080051,B
571743,28121369,B
572265,43409366,C
576024,14183207,B
576314,37076335,B
578391,49047581,B
578539,72051563,B
581330,29217605,C
583189,28121568,B
583199,28126249,B
583255,29194724,B
584769,28110488,B
585959,49048445,C
586834,28128115,B
587002,28124576,B
591949,61089387,B
592975,53173177,B
595809,83228124,B
596446,2000288700,B
598577,91193048,C
601883,83188780,B
602105,19338230,B
605184,48044499,C
605426,93140653,C
606718,83228401,B
607224,49056369,B
607226,2000006108,C
608175,29177374,B
608832,91204520,C
609556,28128173,B
610442,27160181,B
610849,28126247,B
611793,29217706,B
612517,28124570,B
614258,28124573,B
614811,28127256,B
617755,37084995,C
620322,49056280,B
620598,18115004,B
621993,29218111,B
622380,43500064,B
623570,2000524865,C
624258,28127166,B
626724,19371552,B
626888,28127068,B
627248,28127121,B
627442,62246208,C
627626,43500350,C
628451,18115012,B
631996,80034792,B
632349,28127161,B
633992,49040114,C
638964,28126141,B
644401,28113414,B
645686,37085322,B
646658,28127065,B
646750,76065062,B
646991,37084637,C
648046,2000120742,B
648195,14229525,B
649020,12083693,B
649317,76063258,B
649452,13196665,B
652979,28127115,B
654253,2000010840,B
654539,49050736,C
655488,19351309,B
657817,2000033670,B
658536,2000018781,B
659459,28127875,B
659813,86066853,C
660860,43500130,C
660867,79034187,B
661053,29226000,B
661207,28126241,B
661427,29240378,C
663244,83192919,C
667121,19371031,B
667287,93142470,B
670688,83320131,B
670717,2000087400,C
670845,2000017597,B
670848,2000118386,B
670850,2000117851,B
670858,2000108691,B
670859,2000026386,B
670882,2000015300,C
670883,2000054216,B
673492,19347264,C
676318,78095389,B
680806,2000220937,B
683571,47102376,C
683620,2000054475,C
684210,28112512,B
687626,86078360,B
689637,2000058232,C
693095,2000485629,C
695454,83169933,B
696181,28127318,C
696346,29228687,B
696589,292380027,B
698151,2000047203,B
698164,2000020024,B
698678,28127371,B
700106,2000180822,C
701057,2000098727,B
708072,43617691,C
709726,49062667,C
709767,2000205527,A
711337,19342183,C
711544,52101552,C
711969,49053443,B
712117,2000047196,B
716276,76065062,B
719673,2000164850,C
724783,2000014200,B
725912,2000039995,C
726701,2000104450,B
727089,2000045005,C
730861,2000011147,B
730893,28111507,B
735570,19371031,B
735571,19352610,B
739443,19409389,A
741238,2000047221,B
741267,2000142460,B
743384,2000103798,C
743413,2000101285,B
743498,2000102722,B
743591,2000011972,C
743597,2000090823,B
743600,2000007415,B
744149,2000053516,B
745181,2000031536,C
745191,24048099,C
745461,2000061312,B
746739,28128174,B
746740,28128172,B
747009,2000077634,B
748319,14238164,C
776890,12087972,B
777308,2000108697,B
780630,2000006158,B
787232,49037900,B
790992,2000017293,B
796305,2000123638,B
800176,19375640,C
801734,2000104850,C
808509,19371902,B
811779,2000035036,B
817665,2000013430,A
820374,2000123586,B
823231,12091814,B
823486,2000023588,C
829299,2000162595,C
842341,49060933,B
843595,2000112986,B
845321,2000118379,B
845723,2000128234,B
848509,18115949,C
848682,2000178777,B
849410,2000033291,B
852024,12091290,B
854721,2000138756,B
855256,95079228,B
862297,12093247,C
863741,2000109683,B
864799,2000082598,B
866246,2000169739,C
866655,2000198043,C
867688,2000124287,B
874066,2000026391,B
874080,2000116198,B
874538,2000077039,B
876631,2000025485,C
880245,43124203,B
888493,2000096330,B
890719,2000283271,B
890721,2000283274,B
897481,2000180880,C
900195,2000031901,C
900601,2000157274,B
903611,2000035859,C
904802,2000105654,C
910905,12080051,B
911424,2000123107,B
922563,2000183396,B
922693,2000191862,B
922764,2000131024,B
922769,2000189871,B
923831,2000182819,C
926135,2000147523,B
926952,27164470,C
927768,19335371,C
933017,2000222768,B
933018,2000187717,C
936842,2000184620,B
936874,2000184619,B
936901,2000211225,B
937941,67295756,B
938158,2000228120,C
939290,2000191846,B
943549,2000161868,B
947411,2000254692,C
950091,2000227373,C
953135,2000010559,B
955357,2000181790,C
965940,2000140161,B
967319,2000142236,C
967346,2000128974,C
973085,2000166563,B
978668,2000210139,B
983989,2000051578,B
984096,19334410,B
989112,2000288469,C
992686,2000172863,B
994536,2000094152,B
996897,67258414,B
998101,2000186151,C
1004708,2000184611,B
1005575,2000221609,C
1005583,2000277689,A
1005649,2000123482,B
1006411,2000187623,C
1009658,2000142045,C
1011147,2000298715,B
1011738,2000280807,B
1011936,2000254107,C
1012534,2000195626,B
1012564,2000218544,C
1042886,2000382120,C
1047257,2000216077,B
1047261,2000216101,B
1056993,2000263999,C
1060087,2000273847,C
1060740,2000238784,B
1063329,2000241724,C
1069512,2000251820,C
1078163,2000301027,B
1081995,2000278478,C
1082850,2000206497,B
1086258,19354886,B
1091562,2000313349,B
1107733,2000288697,B
1108466,2000399897,C
1111589,2000262615,C
1124005,2000304487,C
1141628,2000284118,B
1193867,2000264337,C
1230661,2000351894,C
1322090,2000225023,B
734425,2000042503,patch
681615,2000018180,patch
865993,2000140844,patch
663225,28127116,patch
817612,2000141316,patch
845289,2000108364,patch
732119,2000086809,patch
551001,28121435,patch
364409,29139721,patch
888639,2000190311,patch
1031293,2000188148,patch
745851,2000108045,patch
697280,2000118385,patch
1043634,2000197992,patch
1089802,2000185025,patch
1086375,2000256293,patch
954104,2000190480,patch
1067168,2000375174,patch
982097,2000379552,patch
1047256,2000216065,patch
856479,2000143998,patch
1171764,2000475503,patch
942497,2000191892,patch
796300,2000123637,patch
879768,2000108031,patch
845809,2000183395,patch
821522,2000049507,patch
1202361,2000414242,patch
1023191,2000442835,patch
914269,2000315332,patch
706889,2000046210,patch
1135611,2000292320,patch
1348941,2000451471,patch
860078,2000140946,patch
1047280,2000325860,patch
1085591,2000392431,patch
1011140,2000280809,patch
926309,2000256110,patch
1049911,2000280811,patch
1071818,2000302080,patch
570336,29218480,patch
985546,2000298714,patch
999743,2000222074,patch
1196272,2000485995,patch
1107726,2000260917,patch
1065227,2000220937,patch
585323,67283140,patch
