player,player_id,season,club,value_high,actual_log,pred_log,actual,pred,residual_log,residual_pct,lower_log,upper_log,lower,upper,sigma_log,z
Jun'ai Byfield,14134,2025-26,Tottenham Hotspur,12000000.0,16.300417291085605,13.404891967773438,12000000.000000007,663238.8495494142,2.8955253233121674,-0.9447300958708822,13.124556541442871,14.503752708435059,501096.7853909658,1990212.9598528144,0.5380969010152501,5.381048130641633
Bendito Mantato,14266,2025-26,Manchester United,11000000.0,16.213405921671733,13.239812850952148,11000000.000000013,562311.4026033639,2.973593070719584,-0.9488807815815125,12.795748710632324,14.539799690246582,360679.827046854,2063262.8708465,0.6804459364106972,4.370065146402477
Bradley Burrowes,13870,2025-26,Aston Villa,6000000.0,15.607270193858982,12.892301559448242,6000000.0,397241.2437890465,2.7149686344107398,-0.933793126035159,12.169252395629883,14.218147277832031,192768.87435992758,1495762.4118217945,0.7993815622496775,3.396336321255745
Joél Drakes-Thomas,14263,2025-26,Crystal Palace,7000000.0,15.76142084987672,13.929574966430664,6999999.999999995,1120823.3131344623,1.8318458834460554,-0.8398823838379338,12.952141761779785,14.76413345336914,421737.93400363874,2582150.3173292135,0.706953178412608,2.591184168036815
Karl Darlow,780,2025-26,Leeds United,6000000.0,15.607270193858982,14.166078567504883,6000000.0,1419872.8214632901,1.4411916263540991,-0.7633545297561183,14.40660285949707,16.12839126586914,1805958.9912907998,10103486.97111805,0.6717601366985566,2.1453961728616453
Nick Woltemade,8117,2025-26,Newcastle United,224000000.0,19.2271566142836,18.645606994628906,224000000.00000024,125223035.16443771,0.5815496196546945,-0.4409685930159037,17.946081161499023,18.665103912353516,62213411.00150131,127688454.33736704,0.2805285595000165,2.0730496056843024
Florian Wirtz,8397,2025-26,Liverpool,476000000.0,19.980928414296535,19.140321731567383,476000000.0000004,205369576.6059142,0.8406066827291525,-0.5685513096514412,18.407682418823242,19.464494705200195,98708577.82601427,284002813.1911621,0.4123180080281507,2.0387338567850297
Max Kilman,7332,2025-26,West Ham United,103000000.0,18.450239555902648,17.325586318969727,103000000.00000004,33450800.954337303,1.1246532369329216,-0.6752349421909002,16.57513427734375,18.026931762695312,15793897.891938377,67452334.29953833,0.5664224904808874,1.9855377493540227
Alex Tóth,14374,2025-26,Bournemouth,30000000.0,17.216707972959764,16.399797439575195,30000000.00000005,13253833.166258983,0.8169105333845685,-0.5582055611247013,16.024415969848633,17.120140075683594,9105742.897094391,27238447.356765322,0.4274995536010928,1.9109038278595298
Tyler Fletcher,14272,2025-26,Manchester United,4000000.0,15.201805169084134,14.36617374420166,4000000.0000000005,1734401.868655218,0.8356314248824734,-0.5663995328361955,13.98148250579834,15.171977996826172,1180538.9845552354,3882453.042425285,0.4644748511676611,1.7990886326390927
Noussair Mazraoui,10696,2025-26,Manchester United,104000000.0,18.459901466721032,18.08251953125,104000000.00000006,71308031.1025915,0.37738193547103194,-0.31434585478277444,17.700439453125,18.296672821044922,48663481.127393514,88337283.197376,0.23262196867852283,1.6222970582480256
Dominic Solanke,1679,2025-26,Tottenham Hotspur,163000000.0,18.909260764906005,18.282835006713867,162999999.99999988,87123307.02008282,0.6264257581921377,-0.4655011839258719,17.698572158813477,18.700023651123047,48572696.87087978,132226066.88074698,0.3907188530722837,1.6032647343900956
Levi Colwill,10805,2025-26,Chelsea,278000000.0,19.443131675252033,18.559829711914062,277999999.9999999,114929528.54295199,0.8833019633379706,-0.5865844297016113,17.963802337646484,19.38102912902832,63325732.54803353,261260649.8009412,0.5529346460855354,1.5974798641959749
Bafode Diakite,7268,2025-26,Bournemouth,105000000.0,18.46947091764561,17.938695907592773,105000000.00000018,61755641.60972581,0.5307750100528352,-0.4118510322883266,17.28805160522461,18.213048934936523,32218506.266240563,81250612.90801448,0.36089006660368855,1.4707387627703974
Anton Stach,9910,2025-26,Leeds United,83000000.0,18.234351177809064,17.93162727355957,82999999.99999991,61320652.772287115,0.30272390424949336,-0.26119695455075687,17.61253547668457,18.175148010253906,44568391.46761545,78228766.62064956,0.21950471443538525,1.3791225624842105
Melker Ellborg,14425,2025-26,Sunderland,8000000.0,15.894952224644102,15.470841407775879,8000000.000000002,5234810.572126668,0.4241108168682235,-0.34564867848416664,15.441577911376953,16.348115921020508,5083841.39887736,12586254.220885146,0.35368811581426973,1.1991096050593186
Alexander Isak,5232,2025-26,Liverpool,431000000.0,19.88161865038821,19.369300842285156,431000000.0000005,258214408.48759693,0.5123178081030524,-0.40089464388028623,18.416439056396484,19.53951644897461,99576728.56949104,306128787.5462393,0.4381715081651613,1.1692175291094986
David Møller Wolfe,13740,2025-26,Wolverhampton,48000000.0,17.6867115897055,17.150047302246094,48000000.00000006,28065377.764642972,0.5366642874594056,-0.41530462990327216,16.66696548461914,17.8759708404541,17312951.601536382,58001000.781369,0.47169652211578206,1.137732127114723
Pascal Struijk,8717,2025-26,Leeds United,60000000.0,17.909855136853043,17.61566734313965,60000000.0000001,44708192.52579288,0.29418779371339454,-0.25486345790345316,17.191083908081055,17.859607696533203,29241043.332126502,57059644.81733004,0.2608262605642185,1.1279071098017834
Wesley Fofana,7589,2025-26,Chelsea,200000000.0,19.11382792951231,18.794713973999023,200000000.0000001,145358544.23667142,0.3191139555132878,-0.27320727881664325,18.161975860595703,18.938562393188477,77205082.44773343,167846828.64526215,0.30298721571252524,1.0532258094218194
