feature,mean_abs_shap
age,0.08617463292901098
current_ability,0.06207213149099757
months_to_contract_end,0.05508147328976381
xg_buildup_p90,0.037899690674746196
potential,0.03732058711597228
xg_chain_p90,0.032722257693926206
minutes,0.031309580144900866
key_passes_p90,0.03066593058348959
np_xg_p90,0.029949899517387017
xa_p90,0.028445282878676405
shots_p90,0.023620185674775755
matches,0.021075976685465018
height_cm,0.018671575389388906
long_throws,0.018171899649382324
heading,0.01637538624819984
corners,0.014789300799705413
penalty_taking,0.014580388661352913
leadership,0.01385431871566142
flair,0.013840597232042522
finishing,0.01376719107981673
aggression,0.013297284900206614
concentration,0.013291173601914104
determination,0.013135168618419865
long_shots,0.012928292277346622
off_the_ball,0.012720524858960388
free_kick_taking,0.012643930191667797
strength,0.012333543387261206
bravery,0.012291750071434368
pace,0.01197491828906173
stamina,0.011971015974620096
anticipation,0.011890652374182463
goals,0.011873142704982142
teamwork,0.01174776918681395
natural_fitness,0.01171714342844027
season_mv_inflation_factor,0.011701120798644419
crossing,0.011580646470798988
agility,0.01154626778418384
tackling,0.011354317096148531
balance,0.011255002853297159
acceleration,0.011237959141461473
dribbling,0.011005588070987442
passing,0.010614841096426913
jumping_reach,0.010565834485765339
composure,0.010390470598061693
marking,0.010365850485427885
decisions,0.010106934306260331
vision,0.009918517429069136
positioning,0.009695383856677427
technique,0.00938930000205397
work_rate,0.009209144123480093
first_touch,0.008766625122075173
assists,0.008346144517580308
is_decline,0.007991973040177012
primary_position,0.005864864130689211
weak_foot,0.005245189756471871
is_prime,0.0033527777840893546
log1p_assists,0.0028005785120629044
aerial_reach,0.0021405616662500964
command_of_area,0.0019138963525446781
foot,0.0015373750500227966
communication,0.0014548071641610186
kicking,0.0014233714609195303
handling,0.0012703642468625317
one_on_ones,0.0011904277216843544
reflexes,0.0010110860350843976
throwing,0.0008118347584091679
rushing_out,0.0007363477621975822
