player,player_id,season,club,wage_pw,actual_log,pred_log,actual,pred,lower_log,upper_log,lower,upper,residual_log,residual_pct,sigma_log,z
Rio Ngumoha,13692,2025-26,Liverpool,353.0,5.869296913133774,9.942012517978437,352.99999999999994,20784.533480719176,9.304243778166695,10.573570420230874,10983.536369711821,39086.98540975601,-4.072715604844663,57.8796982456634,0.4952310257360927,-8.223870059011615
Rio Ngumoha,13692,2025-26,Liverpool,353.0,5.869296913133774,9.966718958189883,352.99999999999994,21304.466419616798,9.321067644953613,10.604106711262133,11169.902046206329,40298.998522092596,-4.097422045056109,59.352596089566006,0.5005809630168624,-8.185333338211834
Joél Drakes-Thomas,14263,2025-26,Crystal Palace,104.0,4.653960350157523,7.5251252279270355,103.99999999999997,1853.0453898150997,6.908425752124123,8.109720861194917,999.6706979593451,3325.6493033666547,-2.8711648777695125,16.8177441328375,0.4686883496823355,-6.1259574293141945
Joél Drakes-Thomas,14263,2025-26,Crystal Palace,104.0,4.653960350157523,7.5251252279270355,103.99999999999997,1853.0453898150997,6.908425752124123,8.109720861194917,999.6706979593451,3325.6493033666547,-2.8711648777695125,16.8177441328375,0.4686883496823355,-6.1259574293141945
Freddie Potts,13724,2025-26,West Ham United,5786.0,8.663369301573839,10.603421349264524,5786.000000000002,40271.38789731909,10.084283185342438,11.129851034633926,23962.405751418013,68175.21536111338,-1.9400520476906848,5.960143086297801,0.40793096222991254,-4.755834264419622
Mateus Mané,13484,2025-26,Wolverhampton,1157.0,7.05444965813294,9.385499960766186,1156.9999999999995,11913.363413251462,8.767447893867395,10.03168257559437,6420.762513808823,22734.49356709461,-2.331050302633246,9.296770452248458,0.4932443844278317,-4.725954062989054
Harry Howell,13584,2025-26,Brighton & Hove Al..,353.0,5.869296913133774,8.293047980730321,352.99999999999994,3994.995368486346,7.660600400553413,8.977293034925477,2122.0317154157788,7920.160761979509,-2.4237510675965472,10.31726733282251,0.5137109884015699,-4.71812190573952
Harry Howell,13584,2025-26,Brighton & Hove Al..,353.0,5.869296913133774,8.293047980730321,352.99999999999994,3994.995368486346,7.660600400553413,8.977293034925477,2122.0317154157788,7920.160761979509,-2.4237510675965472,10.31726733282251,0.5137109884015699,-4.71812190573952
Freddie Potts,13724,2025-26,West Ham United,5786.0,8.663369301573839,10.569757140937096,5786.000000000002,38938.21583460043,10.048282819270769,11.09046395554466,23115.058294767452,65542.1481775562,-1.9063878393632567,5.729729663774701,0.4066096275111744,-4.688496558805326
Mateus Mané,13484,2025-26,Wolverhampton,1157.0,7.05444965813294,9.342371392012634,1156.9999999999995,11410.437170379108,8.70722433752471,10.021748736359594,6045.436308314658,22509.760906208136,-2.2879217338796938,8.862089170595603,0.5128650457785041,-4.461059985881355
Yasin Ayari,11385,2025-26,Brighton & Hove Al..,10414.0,9.251002353695073,11.06804432190079,10414.000000000005,64089.04469654287,10.532221679465605,11.626153755603703,37503.705326693,111987.75636097493,-1.8170419682057162,5.154123746547229,0.4268003886458185,-4.257357810687454
Yasin Ayari,11385,2025-26,Brighton & Hove Al..,10414.0,9.251002353695073,11.014517717038952,10414.000000000005,60748.7178677017,10.469299339677045,11.578130978189213,35216.53319400907,106736.83622081013,-1.7635153633438794,4.83337025808543,0.4326134908946853,-4.076422489036956
Christantus Uche,12726,2025-26,Getafe,10874.0,9.294221855956884,10.951040343054522,10873.999999999995,57012.32794350742,10.427515287633335,11.490117164785678,33775.32146613759,97743.9842768831,-1.6568184870976381,4.242995028830922,0.41457683163058123,-3.996408773208983
Christantus Uche,12726,2025-26,Getafe,10874.0,9.294221855956884,10.891866972709813,10873.999999999995,53736.53288226985,10.359204523420805,11.432047233242187,31545.077173389236,92229.59922140231,-1.597645116752929,3.9417447932931653,0.4185723186069142,-3.8168914802349723
Max Alleyne,13298,2025-26,Manchester City,5786.0,8.663369301573839,10.253756960292442,5786.000000000002,28387.998158011014,9.701181438161887,10.78193621387971,16335.89683438242,48142.249682082715,-1.590387658718603,3.9063252951972007,0.42165923128938515,-3.7717368450712714
Max Alleyne,13298,2025-26,Manchester City,5786.0,8.663369301573839,10.205567815315945,5786.000000000002,27052.395827804074,9.64966328190518,10.728184751829072,15515.562517102528,45622.798296408706,-1.5421985137421057,3.675491847183558,0.42078790133974175,-3.665025797633244
Ladislav Krejcí,12721,2025-26,Girona,23999.0,10.085809109330082,11.465831839580602,23998.999999999985,95398.8074967532,10.929440155196671,11.986101713457991,55794.03440191704,160507.425172003,-1.38002273025052,2.975115942195644,0.41225920106953295,-3.347463747735156
Jun'ai Byfield,14134,2025-26,Tottenham Hotspur,353.0,5.869296913133774,7.823704181869515,352.99999999999994,2498.145573575237,7.039255546856629,8.538497237876546,1139.538213243425,5106.662988976781,-1.954407268735741,6.076899641856197,0.5849329682883685,-3.341249980240864
Jun'ai Byfield,14134,2025-26,Tottenham Hotspur,353.0,5.869296913133774,7.823704181869515,352.99999999999994,2498.145573575237,7.039255546856629,8.538497237876546,1139.538213243425,5106.662988976781,-1.954407268735741,6.076899641856197,0.5849329682883685,-3.341249980240864
Ladislav Krejcí,12721,2025-26,Girona,23999.0,10.085809109330082,11.449327957420303,23998.999999999985,93837.26154498535,10.911557146738938,11.96870501946557,54805.120066114294,157739.25751290366,-1.3635188480902212,2.910048816408409,0.41244893789810494,-3.305909466124209
