player,player_id,season,club,market_value_eur,actual_log,pred_log,actual,pred,lower_log,upper_log,lower,upper,residual_log,residual_pct,sigma_log,z
Estêvão,13775,2025-26,Chelsea,80000000.0,18.197537205138154,16.415836306341987,79999999.99999988,13468123.540234236,15.581836603473263,17.26326433049544,5849322.687048524,31429713.67100781,1.781700898796167,-0.8316484557470718,0.6560133147447135,2.7159523423537726
Max Dowman,13872,2025-26,,30000000.0,17.216707972959764,15.396112636782147,30000000.00000005,4857878.757427796,14.518766409048562,16.29014279492248,2020318.871459274,11877337.263749694,1.8205953361776164,-0.8380707080857404,0.6911070133330418,2.634317552931963
Ethan Nwaneri,11132,2025-26,Arsenal,45000000.0,17.622173069956816,15.973511295743718,44999999.999999985,8653818.098473592,15.14788232406262,16.780427060579207,3790020.781207788,19393082.902072776,1.6486617742130978,-0.8076929311450312,0.6369414913645927,2.588403796212084
Kaye Furo,14356,2025-26,Brentford,8000000.0,15.894952224644102,14.00903007017611,8000000.000000002,1213512.0646444755,13.09026063522202,14.959785213428013,484202.5403554777,3140161.8306286307,1.885922154467993,-0.8483109919194406,0.729399780814636,2.585580917451998
Jonah Kusi-Asare,13262,2025-26,FC Bayern,4000000.0,15.201805169084134,13.570548396032645,4000000.0000000005,782733.1548300144,12.641345756570491,14.43890034507727,309076.0126087971,1865239.1043965803,1.6312567730514882,-0.8043167112924965,0.7013205058354256,2.3259790060014085
Veljko Milosavljevic,14027,2025-26,Bournemouth,15000000.0,16.52356082573315,14.945827713017989,15000000.00000001,3096637.4589366606,14.070696829486696,15.830285503401123,1290701.0195126522,7499038.49821888,1.5777331127151601,-0.7935575027375562,0.6865080074575426,2.2982005971907555
Chris Rigg,13719,2025-26,Sunderland,25000000.0,17.034386422832473,15.571076410284023,24999999.999999963,5786720.2453501085,14.710506612288631,16.44532870138154,2447325.1330881463,13871246.095147364,1.4633100125484493,-0.7685311901859954,0.6768452612433812,2.1619565007522006
Treymaurice Nyoni,12203,2025-26,,6000000.0,15.607270193858982,14.061683499374237,6000000.0,1279119.7673634214,13.16616044607796,15.000124109373962,522384.1583742262,3269422.1133492813,1.5455866944847454,-0.7868133721060964,0.7155255991947259,2.160071835618733
Valentino Livramento,9512,2025-26,,45000000.0,17.622173069956816,16.232625091216928,44999999.999999985,11213455.532840379,15.392532844318817,17.053362398630455,4840519.645631135,25478929.116299704,1.3895479787398877,-0.7508120992702138,0.64797688514363,2.144440659224876
Estêvão,13775,2025-26,Chelsea,80000000.0,18.197537205138154,16.83353744361293,79999999.99999988,20450898.884417553,16.02700005023081,17.665941568466916,9129303.299140045,47013321.100962535,1.3639997615252248,-0.7443637639447802,0.6394372120619974,2.13312540433286
Tyrique George,12573,2025-26,Chelsea,20000000.0,16.811242881518265,15.404933867181617,20000000.000000015,4900920.796787893,14.5437095456553,16.24622386579921,2071345.7253508833,11366986.350017857,1.4063090143366477,-0.7549539601606056,0.6642403028145248,2.117169055201593
Chris Wood,4456,2025-26,Nottingham Forest,8000000.0,15.894952224644102,14.538423093029749,8000000.000000002,2060424.5416105883,13.720261669563524,15.372355754235356,909145.6302563007,4743830.755010376,1.3565291316143533,-0.7424469322986765,0.6445687193912966,2.1045531543873275
Tyrique George,12573,2025-26,Chelsea,20000000.0,16.811242881518265,15.423949316222433,20000000.000000015,4995005.72406195,14.5648920813442,16.26209060081834,2115690.1064046053,11548781.762132319,1.3872935652958311,-0.7502497137969026,0.6621663296298,2.095083218851419
Eli Junior Kroupi,11504,2025-26,Bournemouth,70000000.0,18.064005814299346,16.73868199405786,69999999.99999991,18600182.310867697,15.923523267470845,17.558628814457606,8231864.909836839,42229466.3794889,1.3253238202414863,-0.7342831098447469,0.6379405980986934,2.077503492004518
Rayan,14395,2025-26,Bournemouth,60000000.0,17.909855136853043,16.581338549458742,60000000.0000001,15892192.145264998,15.75473711923561,17.408927426303435,6953369.883985345,36358093.75064545,1.3285165873943008,-0.7351301309122504,0.6453865659037202,2.058481935603988
Max Dowman,13872,2025-26,,20000000.0,16.811242881518265,15.396112636782147,20000000.000000015,4857878.757427796,14.518766409048562,16.29014279492248,2020318.871459274,11877337.263749694,1.4151302447361171,-0.7571060621286103,0.6911070133330418,2.0476282506688603
Rio Ngumoha,13692,2025-26,Liverpool,30000000.0,17.216707972959764,15.853932353613231,30000000.00000005,7678480.418554248,14.983479078299307,16.793526586049403,3215452.8699391107,19648794.29090859,1.3627756193465324,-0.7440506527148587,0.7061946501307383,1.9297450343106404
Veljko Milosavljevic,14027,2025-26,Bournemouth,20000000.0,16.811242881518265,15.583683654586709,20000000.000000015,5860136.670793536,14.77400385172902,16.41051617263317,2607763.3770629475,13396661.579021366,1.2275592269315556,-0.7069931664603234,0.6384894545293391,1.922599062871677
Valentino Livramento,9512,2025-26,,40000000.0,17.50439003707821,16.27326674663823,39999999.999999985,11678576.594297126,15.435205891898068,17.09105003825207,5051550.04590861,26457493.928152088,1.231123290439978,-0.7080355851425717,0.6460318155179287,1.9056697532039921
Eberechi Eze,8706,2025-26,,65000000.0,17.989897843244528,16.771647807430927,65000000.00000007,19223571.290606562,15.947483186798298,17.601909764345045,8431481.603353923,44097327.676133476,1.2182500358136004,-0.7042527493752839,0.645478747433478,1.887358864497938
